CUSTOMERNAME,PHONE,ADDRESSLINE1,ADDRESSLINE2,CITY,STATE,POSTALCODE,COUNTRY,TERRITORY,CONTACTLASTNAME,CONTACTFIRSTNAME,DEALSIZE
Land of Toys Inc.,2125557818,897 Long Airport Avenue,,NYC,NY,10022,USA,,Yu,Kwai,Small
Reims Collectables,26.47.1555,59 rue de l'Abbaye,,Reims,,51100,France,EMEA,Henriot,Paul,Small
Lyon Souveniers,+33 1 46 62 7555,27 rue du Colonel Pierre Avia,,Paris,,75508,France,EMEA,Da Cunha,Daniel,Medium
Toys4GrownUps.com,6265557265,78934 Hillside Dr.,,Pasadena,CA,90003,USA,,Young,Julie,Medium
Corporate Gift Ideas Co.,6505551386,7734 Strong St.,,San Francisco,CA,,USA,,Brown,Julie,Medium
Technics Stores Inc.,6505556809,9408 Furth Circle,,Burlingame,CA,94217,USA,,Hirano,Juri,Medium
Daedalus Designs Imports,20.16.1555,"184, chausse de Tournai",,Lille,,59000,France,EMEA,Rance,Martine,Small
Herkku Gifts,+47 2267 3215,"Drammen 121, PR 744 Sentrum",,Bergen,,N 5804,Norway,EMEA,Oeztan,Veysel,Medium
Mini Wheels Co.,6505555787,5557 North Pendale Street,,San Francisco,CA,,USA,,Murphy,Julie,Small
Auto Canal Petit,(1) 47.55.6555,"25, rue Lauriston",,Paris,,75016,France,EMEA,Perrier,Dominique,Medium
"Australian Collectors, Co.",03 9520 4555,636 St Kilda Road,Level 3,Melbourne,Victoria,3004,Australia,APAC,Ferguson,Peter,Medium
Vitachrome Inc.,2125551500,2678 Kingston Rd.,Suite 101,NYC,NY,10022,USA,,Frick,Michael,Small
Tekni Collectables Inc.,2015559350,7476 Moss Rd.,,Newark,NJ,94019,USA,,Brown,William,Medium
Gift Depot Inc.,2035552570,25593 South Bay Ln.,,Bridgewater,CT,97562,USA,,King,Julie,Medium
La Rochelle Gifts,40.67.8555,"67, rue des Cinquante Otages",,Nantes,,44000,France,EMEA,Labrune,Janine,Medium
Marta's Replicas Co.,6175558555,39323 Spinnaker Dr.,,Cambridge,MA,51247,USA,,Hernandez,Marta,Medium
"Toys of Finland, Co.",90-224 8555,Keskuskatu 45,,Helsinki,,21240,Finland,EMEA,Karttunen,Matti,Small
FunGiftIdeas.com,5085552555,1785 First Street,,New Bedford,MA,50553,USA,,Benitez,Violeta,Medium
"UK Collectables, Ltd.",(171) 555-2282,Berkeley Gardens 12  Brewery,,Liverpool,,WX1 6LT,UK,EMEA,Devon,Elizabeth,Small
Euro Shopping Channel,(91) 555 94 44,"C/ Moralzarzal, 86",,Madrid,,28034,Spain,EMEA,Freyre,Diego,Large
"Volvo Model Replicas, Co",0921-12 3555,Berguvsvgen  8,,Lule,,S-958 22,Sweden,EMEA,Berglund,Christina,Large
"Corrida Auto Replicas, Ltd",(91) 555 22 82,"C/ Araquil, 67",,Madrid,,28023,Spain,EMEA,Sommer,Mart¡n,Large
Technics Stores Inc.,6505556809,9408 Furth Circle,,Burlingame,CA,94217,USA,,Hirano,Juri,Large
"Dragon Souveniers, Ltd.",+65 221 7555,"Bronz Sok., Bronz Apt. 3/6 Tesvikiye",,Singapore,,79903,Singapore,Japan,Natividad,Eric,Large
Classic Legends Inc.,2125558493,5905 Pompton St.,Suite 750,NYC,NY,10022,USA,,Hernandez,Maria,Medium
"Australian Gift Network, Co",61-7-3844-6555,31 Duncan St. West End,,South Brisbane,Queensland,4101,Australia,APAC,Calaghan,Tony,Large
"Classic Gift Ideas, Inc",2155554695,782 First Street,,Philadelphia,PA,71270,USA,,Cervantes,Francisca,Medium
"Saveley & Henriot, Co.",78.32.5555,"2, rue du Commerce",,Lyon,,69004,France,EMEA,Saveley,Mary,Large
Canadian Gift Exchange Network,(604) 555-3392,1900 Oak St.,,Vancouver,BC,V3F 2K1,Canada,,Tannamuri,Yoshi,Large
West Coast Collectables Co.,3105553722,3675 Furth Circle,,Burbank,CA,94019,USA,,Thompson,Steve,Medium
Cambridge Collectables Co.,6175555555,4658 Baden Av.,,Cambridge,MA,51247,USA,,Tseng,Kyung,Medium
Super Scale Inc.,2035559545,567 North Pendale Street,,New Haven,CT,97823,USA,,Murphy,Leslie,Medium
"Tokyo Collectables, Ltd",+81 3 3584 0555,2-2-8 Roppongi,,Minato-ku,Tokyo,106-0032,Japan,Japan,Shimamura,Akiko,Large
Souveniers And Things Co.,+61 2 9495 8555,"Monitor Money Building, 815 Pacific Hwy",Level 6,Chatswood,NSW,2067,Australia,APAC,Huxley,Adrian,Medium
Amica Models & Co.,011-4988555,Via Monte Bianco 34,,Torino,,10100,Italy,EMEA,Accorti,Paolo,Large
Scandinavian Gift Ideas,0695-34 6555,?kergatan 24,,Boras,,S-844 67,Sweden,EMEA,Larsson,Maria,Large
Auto Assoc. & Cie.,30.59.8555,"67, avenue de l'Europe",,Versailles,,78000,France,EMEA,Tonini,Daniel,Large
Mini Gifts Distributors Ltd.,4155551450,5677 Strong St.,,San Rafael,CA,97562,USA,,Nelson,Valarie,Large
Online Diecast Creations Co.,6035558647,2304 Long Airport Avenue,,Nashua,NH,62005,USA,,Young,Valarie,Medium
Mini Wheels Co.,6505555787,5557 North Pendale Street,,San Francisco,CA,,USA,,Murphy,Julie,Medium
Mini Gifts Distributors Ltd.,4155551450,5677 Strong St.,,San Rafael,CA,97562,USA,,Nelson,Valarie,Medium
Collectables For Less Inc.,6175558555,7825 Douglas Av.,,Brickhaven,MA,58339,USA,,Nelson,Allen,Medium
Corporate Gift Ideas Co.,6505551386,7734 Strong St.,,San Francisco,CA,,USA,,Brown,Julie,Large
"Anna's Decorations, Ltd",02 9936 8555,201 Miller Street,Level 15,North Sydney,NSW,2060,Australia,APAC,O'Hara,Anna,Small
Quebec Home Shopping Network,(514) 555-8054,43 rue St. Laurent,,Montreal,Quebec,H1J 1C3,Canada,,Fresnisre,Jean,Medium
"Australian Collectors, Co.",03 9520 4555,636 St Kilda Road,Level 3,Melbourne,Victoria,3004,Australia,APAC,Ferguson,Peter,Small
Daedalus Designs Imports,20.16.1555,"184, chausse de Tournai",,Lille,,59000,France,EMEA,Rance,Martine,Medium
Osaka Souveniers Co.,+81 06 6342 5555,"Dojima Avanza 4F, 1-6-20 Dojima, Kita-ku",,Osaka,Osaka,530-0003,Japan,Japan,Kentary,Mory,Medium
Motor Mint Distributors Inc.,2155559857,11328 Douglas Av.,,Philadelphia,PA,71270,USA,,Hernandez,Rosa,Small
Atelier graphique,40.32.2555,"54, rue Royale",,Nantes,,44000,France,EMEA,Schmitt,Carine,Medium
Mini Classics,9145554562,3758 North Pendale Street,,White Plains,NY,24067,USA,,Frick,Steve,Medium
"Tokyo Collectables, Ltd",+81 3 3584 0555,2-2-8 Roppongi,,Minato-ku,Tokyo,106-0032,Japan,Japan,Shimamura,Akiko,Small
"Australian Gift Network, Co",61-7-3844-6555,31 Duncan St. West End,,South Brisbane,Queensland,4101,Australia,APAC,Calaghan,Tony,Medium
FunGiftIdeas.com,5085552555,1785 First Street,,New Bedford,MA,50553,USA,,Benitez,Violeta,Small
Euro Shopping Channel,(91) 555 94 44,"C/ Moralzarzal, 86",,Madrid,,28034,Spain,EMEA,Freyre,Diego,Medium
"Australian Collectors, Co.",03 9520 4555,636 St Kilda Road,Level 3,Melbourne,Victoria,3004,Australia,APAC,Ferguson,Peter,Large
Lyon Souveniers,+33 1 46 62 7555,27 rue du Colonel Pierre Avia,,Paris,,75508,France,EMEA,Da Cunha,Daniel,Large
Daedalus Designs Imports,20.16.1555,"184, chausse de Tournai",,Lille,,59000,France,EMEA,Rance,Martine,Large
Herkku Gifts,+47 2267 3215,"Drammen 121, PR 744 Sentrum",,Bergen,,N 5804,Norway,EMEA,Oeztan,Veysel,Large
Mini Wheels Co.,6505555787,5557 North Pendale Street,,San Francisco,CA,,USA,,Murphy,Julie,Large
Vitachrome Inc.,2125551500,2678 Kingston Rd.,Suite 101,NYC,NY,10022,USA,,Frick,Michael,Large
Tekni Collectables Inc.,2015559350,7476 Moss Rd.,,Newark,NJ,94019,USA,,Brown,William,Large
Gift Depot Inc.,2035552570,25593 South Bay Ln.,,Bridgewater,CT,97562,USA,,King,Julie,Large
"Toys of Finland, Co.",90-224 8555,Keskuskatu 45,,Helsinki,,21240,Finland,EMEA,Karttunen,Matti,Medium
Diecast Classics Inc.,2155551555,7586 Pompton St.,,Allentown,PA,70267,USA,,Yu,Kyung,Large
"UK Collectables, Ltd.",(171) 555-2282,Berkeley Gardens 12  Brewery,,Liverpool,,WX1 6LT,UK,EMEA,Devon,Elizabeth,Large
Danish Wholesale Imports,31 12 3555,Vinb'ltet 34,,Kobenhavn,,1734,Denmark,EMEA,Petersen,Jytte,Large
Salzburg Collectables,6562-9555,Geislweg 14,,Salzburg,,5020,Austria,EMEA,Pipps,Georg,Medium
"Stylish Desk Decors, Co.",(171) 555-0297,35 King George,,London,,WX3 6FW,UK,EMEA,Brown,Ann,Medium
Mini Creations Ltd.,5085559555,4575 Hillside Dr.,,New Bedford,MA,50553,USA,,Tam,Wing C,Medium
Scandinavian Gift Ideas,0695-34 6555,?kergatan 24,,Boras,,S-844 67,Sweden,EMEA,Larsson,Maria,Medium
Alpha Cognac,61.77.6555,1 rue Alsace-Lorraine,,Toulouse,,31000,France,EMEA,Roulet,Annette,Medium
"Double Decker Gift Stores, Ltd",(171) 555-7555,120 Hanover Sq.,,London,,WA1 1DP,UK,EMEA,Hardy,Thomas,Medium
Enaco Distributors,(93) 203 4555,"Rambla de Catalu¤a, 23",,Barcelona,,8022,Spain,EMEA,Saavedra,Eduardo,Medium
"Men 'R' US Retailers, Ltd.",2155554369,6047 Douglas Av.,,Los Angeles,CA,,USA,,Chandler,Michael,Medium
Collectable Mini Designs Co.,7605558146,361 Furth Circle,,San Diego,CA,91217,USA,,Thompson,Valarie,Medium
Petit Auto,(02) 5554 67,Rue Joseph-Bens 532,,Bruxelles,,B-1180,Belgium,EMEA,Dewey,Catherine,Medium
"Royal Canadian Collectables, Ltd.",(604) 555-4555,23 Tsawassen Blvd.,,Tsawassen,BC,T2F 8M4,Canada,,Lincoln,Elizabeth,Small
Gifts4AllAges.com,6175559555,8616 Spinnaker Dr.,,Boston,MA,51003,USA,,Yoshido,Juri,Medium
"Classic Gift Ideas, Inc",2155554695,782 First Street,,Philadelphia,PA,71270,USA,,Cervantes,Francisca,Small
giftsbymail.co.uk,(198) 555-8888,Garden House Crowther Way,,Cowes,Isle of Wight,PO31 7PJ,UK,EMEA,Bennett,Helen,Medium
Classic Legends Inc.,2125558493,5905 Pompton St.,Suite 750,NYC,NY,10022,USA,,Hernandez,Maria,Small
Euro Shopping Channel,(91) 555 94 44,"C/ Moralzarzal, 86",,Madrid,,28034,Spain,EMEA,Freyre,Diego,Small
"Oulu Toy Supplies, Inc.",981-443655,Torikatu 38,,Oulu,,90110,Finland,EMEA,Koskitalo,Pirkko,Medium
The Sharp Gifts Warehouse,4085553659,3086 Ingle Ln.,,San Jose,CA,94217,USA,,Frick,Sue,Large
Gifts4AllAges.com,6175559555,8616 Spinnaker Dr.,,Boston,MA,51003,USA,,Yoshido,Juri,Small
"La Corne D'abondance, Co.",(1) 42.34.2555,"265, boulevard Charonne",,Paris,,75012,France,EMEA,Bertrand,Marie,Medium
"Corrida Auto Replicas, Ltd",(91) 555 22 82,"C/ Araquil, 67",,Madrid,,28023,Spain,EMEA,Sommer,Mart¡n,Medium
"Dragon Souveniers, Ltd.",+65 221 7555,"Bronz Sok., Bronz Apt. 3/6 Tesvikiye",,Singapore,,79903,Singapore,Japan,Natividad,Eric,Medium
Mini Auto Werke,7675-3555,Kirchgasse 6,,Graz,,8010,Austria,EMEA,Mendel,Roland,Medium
"Saveley & Henriot, Co.",78.32.5555,"2, rue du Commerce",,Lyon,,69004,France,EMEA,Saveley,Mary,Medium
Diecast Collectables,6175552555,6251 Ingle Ln.,,Boston,MA,51003,USA,,Franco,Valarie,Medium
Handji Gifts& Co,+65 224 1555,Village Close - 106 Linden Road Sandown,2nd Floor,Singapore,,69045,Singapore,APAC,Victorino,Wendy,Large
Handji Gifts& Co,+65 224 1555,Village Close - 106 Linden Road Sandown,2nd Floor,Singapore,,69045,Singapore,APAC,Victorino,Wendy,Medium
Canadian Gift Exchange Network,(604) 555-3392,1900 Oak St.,,Vancouver,BC,V3F 2K1,Canada,,Tannamuri,Yoshi,Medium
Online Diecast Creations Co.,6035558647,2304 Long Airport Avenue,,Nashua,NH,62005,USA,,Young,Valarie,Small
"Volvo Model Replicas, Co",0921-12 3555,Berguvsvgen  8,,Lule,,S-958 22,Sweden,EMEA,Berglund,Christina,Medium
Cruz & Sons Co.,+63 2 555 3587,15 McCallum Street - NatWest Center #13-03,,Makati City,,1227 MM,Philippines,Japan,Cruz,Arnold,Medium
Marseille Mini Autos,91.24.4555,"12, rue des Bouchers",,Marseille,,13008,France,EMEA,Lebihan,Laurence,Large
Collectables For Less Inc.,6175558555,7825 Douglas Av.,,Brickhaven,MA,58339,USA,,Nelson,Allen,Large
"Anna's Decorations, Ltd",02 9936 8555,201 Miller Street,Level 15,North Sydney,NSW,2060,Australia,APAC,O'Hara,Anna,Medium
"Toms Spezialitten, Ltd",0221-5554327,Mehrheimerstr. 369,,Koln,,50739,Germany,EMEA,Pfalzheim,Henriette,Medium
Auto Canal Petit,(1) 47.55.6555,"25, rue Lauriston",,Paris,,75016,France,EMEA,Perrier,Dominique,Large
"Vida Sport, Ltd",0897-034555,Grenzacherweg 237,,Gensve,,1203,Switzerland,EMEA,Holz,Michael,Medium
Danish Wholesale Imports,31 12 3555,Vinb'ltet 34,,Kobenhavn,,1734,Denmark,EMEA,Petersen,Jytte,Medium
"UK Collectables, Ltd.",(171) 555-2282,Berkeley Gardens 12  Brewery,,Liverpool,,WX1 6LT,UK,EMEA,Devon,Elizabeth,Medium
L'ordine Souveniers,0522-556555,Strada Provinciale 124,,Reggio Emilia,,42100,Italy,EMEA,Moroni,Maurizio,Large
Online Mini Collectables,6175557555,7635 Spinnaker Dr.,,Brickhaven,MA,58339,USA,,Barajas,Miguel,Large
"Blauer See Auto, Co.",+49 69 66 90 2555,Lyonerstr. 34,,Frankfurt,,60528,Germany,EMEA,Keitel,Roland,Medium
Suominen Souveniers,+358 9 8045 555,"Software Engineering Center, SEC Oy",,Espoo,,FIN-02271,Finland,EMEA,Suominen,Kalle,Small
Scandinavian Gift Ideas,0695-34 6555,?kergatan 24,,Boras,,S-844 67,Sweden,EMEA,Larsson,Maria,Small
Salzburg Collectables,6562-9555,Geislweg 14,,Salzburg,,5020,Austria,EMEA,Pipps,Georg,Small
Muscle Machine Inc,2125557413,4092 Furth Circle,Suite 400,NYC,NY,10022,USA,,Young,Jeff,Large
Super Scale Inc.,2035559545,567 North Pendale Street,,New Haven,CT,97823,USA,,Murphy,Leslie,Large
"Clover Collections, Co.",+353 1862 1555,25 Maiden Lane,Floor No. 4,Dublin,,2,Ireland,EMEA,Cassidy,Dean,Large
CAF Imports,+34 913 728 555,"Merchants House, 27-30 Merchant's Quay",,Madrid,,28023,Spain,EMEA,Fernandez,Jesus,Large
Suominen Souveniers,+358 9 8045 555,"Software Engineering Center, SEC Oy",,Espoo,,FIN-02271,Finland,EMEA,Suominen,Kalle,Large
"AV Stores, Co.",(171) 555-1555,Fauntleroy Circus,,Manchester,,EC2 5NT,UK,EMEA,Ashworth,Victoria,Medium
Heintze Collectables,86 21 3555,Smagsloget 45,,Aaarhus,,8200,Denmark,EMEA,Ibsen,Palle,Large
Baane Mini Imports,07-98 9555,Erling Skakkes gate 78,,Stavern,,4110,Norway,EMEA,Bergulfsen,Jonas,Small
"La Corne D'abondance, Co.",(1) 42.34.2555,"265, boulevard Charonne",,Paris,,75012,France,EMEA,Bertrand,Marie,Small
"Corrida Auto Replicas, Ltd",(91) 555 22 82,"C/ Araquil, 67",,Madrid,,28023,Spain,EMEA,Sommer,Mart¡n,Small
Reims Collectables,26.47.1555,59 rue de l'Abbaye,,Reims,,51100,France,EMEA,Henriot,Paul,Medium
Lyon Souveniers,+33 1 46 62 7555,27 rue du Colonel Pierre Avia,,Paris,,75508,France,EMEA,Da Cunha,Daniel,Small
Auto Assoc. & Cie.,30.59.8555,"67, avenue de l'Europe",,Versailles,,78000,France,EMEA,Tonini,Daniel,Medium
"Tokyo Collectables, Ltd",+81 3 3584 0555,2-2-8 Roppongi,,Minato-ku,Tokyo,106-0032,Japan,Japan,Shimamura,Akiko,Medium
Diecast Classics Inc.,2155551555,7586 Pompton St.,,Allentown,PA,70267,USA,,Yu,Kyung,Small
Canadian Gift Exchange Network,(604) 555-3392,1900 Oak St.,,Vancouver,BC,V3F 2K1,Canada,,Tannamuri,Yoshi,Small
"Anna's Decorations, Ltd",02 9936 8555,201 Miller Street,Level 15,North Sydney,NSW,2060,Australia,APAC,O'Hara,Anna,Large
Corporate Gift Ideas Co.,6505551386,7734 Strong St.,,San Francisco,CA,,USA,,Brown,Julie,Small
Reims Collectables,26.47.1555,59 rue de l'Abbaye,,Reims,,51100,France,EMEA,Henriot,Paul,Large
Toys4GrownUps.com,6265557265,78934 Hillside Dr.,,Pasadena,CA,90003,USA,,Young,Julie,Large
Vitachrome Inc.,2125551500,2678 Kingston Rd.,Suite 101,NYC,NY,10022,USA,,Frick,Michael,Medium
Online Mini Collectables,6175557555,7635 Spinnaker Dr.,,Brickhaven,MA,58339,USA,,Barajas,Miguel,Medium
Microscale Inc.,2125551957,5290 North Pendale Street,Suite 200,NYC,NY,10022,USA,,Kuo,Kee,Medium
"Clover Collections, Co.",+353 1862 1555,25 Maiden Lane,Floor No. 4,Dublin,,2,Ireland,EMEA,Cassidy,Dean,Medium
"Blauer See Auto, Co.",+49 69 66 90 2555,Lyonerstr. 34,,Frankfurt,,60528,Germany,EMEA,Keitel,Roland,Large
Suominen Souveniers,+358 9 8045 555,"Software Engineering Center, SEC Oy",,Espoo,,FIN-02271,Finland,EMEA,Suominen,Kalle,Medium
Amica Models & Co.,011-4988555,Via Monte Bianco 34,,Torino,,10100,Italy,EMEA,Accorti,Paolo,Medium
Heintze Collectables,86 21 3555,Smagsloget 45,,Aaarhus,,8200,Denmark,EMEA,Ibsen,Palle,Medium
Marseille Mini Autos,91.24.4555,"12, rue des Bouchers",,Marseille,,13008,France,EMEA,Lebihan,Laurence,Medium
Herkku Gifts,+47 2267 3215,"Drammen 121, PR 744 Sentrum",,Bergen,,N 5804,Norway,EMEA,Oeztan,Veysel,Small
"Vida Sport, Ltd",0897-034555,Grenzacherweg 237,,Gensve,,1203,Switzerland,EMEA,Holz,Michael,Small
L'ordine Souveniers,0522-556555,Strada Provinciale 124,,Reggio Emilia,,42100,Italy,EMEA,Moroni,Maurizio,Small
Boards & Toys Co.,3105552373,4097 Douglas Av.,,Glendale,CA,92561,USA,,Young,Leslie,Medium
Mini Creations Ltd.,5085559555,4575 Hillside Dr.,,New Bedford,MA,50553,USA,,Tam,Wing C,Large
CAF Imports,+34 913 728 555,"Merchants House, 27-30 Merchant's Quay",,Madrid,,28023,Spain,EMEA,Fernandez,Jesus,Medium
Muscle Machine Inc,2125557413,4092 Furth Circle,Suite 400,NYC,NY,10022,USA,,Young,Jeff,Medium
Marseille Mini Autos,91.24.4555,"12, rue des Bouchers",,Marseille,,13008,France,EMEA,Lebihan,Laurence,Small
Mini Gifts Distributors Ltd.,4155551450,5677 Strong St.,,San Rafael,CA,97562,USA,,Nelson,Valarie,Small
Collectables For Less Inc.,6175558555,7825 Douglas Av.,,Brickhaven,MA,58339,USA,,Nelson,Allen,Small
"Toms Spezialitten, Ltd",0221-5554327,Mehrheimerstr. 369,,Koln,,50739,Germany,EMEA,Pfalzheim,Henriette,Small
Auto Canal Petit,(1) 47.55.6555,"25, rue Lauriston",,Paris,,75016,France,EMEA,Perrier,Dominique,Small
Danish Wholesale Imports,31 12 3555,Vinb'ltet 34,,Kobenhavn,,1734,Denmark,EMEA,Petersen,Jytte,Small
"Blauer See Auto, Co.",+49 69 66 90 2555,Lyonerstr. 34,,Frankfurt,,60528,Germany,EMEA,Keitel,Roland,Small
"Volvo Model Replicas, Co",0921-12 3555,Berguvsvgen  8,,Lule,,S-958 22,Sweden,EMEA,Berglund,Christina,Small
Muscle Machine Inc,2125557413,4092 Furth Circle,Suite 400,NYC,NY,10022,USA,,Young,Jeff,Small
"Iberia Gift Imports, Corp.",(95) 555 82 82,"C/ Romero, 33",,Sevilla,,41101,Spain,EMEA,Roel,Jose Pedro,Medium
Signal Collectibles Ltd.,4155554312,2793 Furth Circle,,Brisbane,CA,94217,USA,,Taylor,Sue,Medium
"Oulu Toy Supplies, Inc.",981-443655,Torikatu 38,,Oulu,,90110,Finland,EMEA,Koskitalo,Pirkko,Small
L'ordine Souveniers,0522-556555,Strada Provinciale 124,,Reggio Emilia,,42100,Italy,EMEA,Moroni,Maurizio,Medium
Mini Caravy,88.60.1555,"24, place Kluber",,Strasbourg,,67000,France,EMEA,Citeaux,Frederique,Large
"Saveley & Henriot, Co.",78.32.5555,"2, rue du Commerce",,Lyon,,69004,France,EMEA,Saveley,Mary,Small
Amica Models & Co.,011-4988555,Via Monte Bianco 34,,Torino,,10100,Italy,EMEA,Accorti,Paolo,Small
Motor Mint Distributors Inc.,2155559857,11328 Douglas Av.,,Philadelphia,PA,71270,USA,,Hernandez,Rosa,Medium
Signal Gift Stores,7025551838,8489 Strong St.,,Las Vegas,NV,83030,USA,,King,Sue,Medium
"Norway Gifts By Mail, Co.",+47 2212 1555,"Drammensveien 126 A, PB 744 Sentrum",,Oslo,,N 0106,Norway,EMEA,Klaeboe,Jan,Medium
Mini Creations Ltd.,5085559555,4575 Hillside Dr.,,New Bedford,MA,50553,USA,,Tam,Wing C,Small
Rovelli Gifts,035-640555,Via Ludovico il Moro 22,,Bergamo,,24100,Italy,EMEA,Rovelli,Giovanni,Medium
"Australian Collectables, Ltd",61-9-3844-6555,7 Allen Street,,Glen Waverly,Victoria,3150,Australia,APAC,Connery,Sean,Medium
West Coast Collectables Co.,3105553722,3675 Furth Circle,,Burbank,CA,94019,USA,,Thompson,Steve,Small
Signal Gift Stores,7025551838,8489 Strong St.,,Las Vegas,NV,83030,USA,,King,Sue,Small
Signal Collectibles Ltd.,4155554312,2793 Furth Circle,,Brisbane,CA,94217,USA,,Taylor,Sue,Small
Rovelli Gifts,035-640555,Via Ludovico il Moro 22,,Bergamo,,24100,Italy,EMEA,Rovelli,Giovanni,Small
"Australian Collectables, Ltd",61-9-3844-6555,7 Allen Street,,Glen Waverly,Victoria,3150,Australia,APAC,Connery,Sean,Small
Auto Assoc. & Cie.,30.59.8555,"67, avenue de l'Europe",,Versailles,,78000,France,EMEA,Tonini,Daniel,Small
"AV Stores, Co.",(171) 555-1555,Fauntleroy Circus,,Manchester,,EC2 5NT,UK,EMEA,Ashworth,Victoria,Small
Mini Caravy,88.60.1555,"24, place Kluber",,Strasbourg,,67000,France,EMEA,Citeaux,Frederique,Small
Handji Gifts& Co,+65 224 1555,Village Close - 106 Linden Road Sandown,2nd Floor,Singapore,,69045,Singapore,APAC,Victorino,Wendy,Small
Toys4GrownUps.com,6265557265,78934 Hillside Dr.,,Pasadena,CA,90003,USA,,Young,Julie,Small
Gift Ideas Corp.,2035554407,2440 Pompton St.,,Glendale,CT,97561,USA,,Lewis,Dan,Small
Cruz & Sons Co.,+63 2 555 3587,15 McCallum Street - NatWest Center #13-03,,Makati City,,1227 MM,Philippines,Japan,Cruz,Arnold,Large
"Bavarian Collectables Imports, Co.",+49 89 61 08 9555,Hansastr. 15,,Munich,,80686,Germany,EMEA,Donnermeyer,Michael,Medium
"Classic Gift Ideas, Inc",2155554695,782 First Street,,Philadelphia,PA,71270,USA,,Cervantes,Francisca,Large
Royale Belge,(071) 23 67 2555,"Boulevard Tirou, 255",,Charleroi,,B-6000,Belgium,EMEA,Cartrain,Pascale,Medium
The Sharp Gifts Warehouse,4085553659,3086 Ingle Ln.,,San Jose,CA,94217,USA,,Frick,Sue,Medium
Mini Auto Werke,7675-3555,Kirchgasse 6,,Graz,,8010,Austria,EMEA,Mendel,Roland,Small
Mini Caravy,88.60.1555,"24, place Kluber",,Strasbourg,,67000,France,EMEA,Citeaux,Frederique,Medium
Online Diecast Creations Co.,6035558647,2304 Long Airport Avenue,,Nashua,NH,62005,USA,,Young,Valarie,Large
"Norway Gifts By Mail, Co.",+47 2212 1555,"Drammensveien 126 A, PB 744 Sentrum",,Oslo,,N 0106,Norway,EMEA,Klaeboe,Jan,Large
Classic Legends Inc.,2125558493,5905 Pompton St.,Suite 750,NYC,NY,10022,USA,,Hernandez,Maria,Large
"Oulu Toy Supplies, Inc.",981-443655,Torikatu 38,,Oulu,,90110,Finland,EMEA,Koskitalo,Pirkko,Large
"Iberia Gift Imports, Corp.",(95) 555 82 82,"C/ Romero, 33",,Sevilla,,41101,Spain,EMEA,Roel,Jose Pedro,Large
Diecast Collectables,6175552555,6251 Ingle Ln.,,Boston,MA,51003,USA,,Franco,Valarie,Large
Signal Collectibles Ltd.,4155554312,2793 Furth Circle,,Brisbane,CA,94217,USA,,Taylor,Sue,Large
"La Corne D'abondance, Co.",(1) 42.34.2555,"265, boulevard Charonne",,Paris,,75012,France,EMEA,Bertrand,Marie,Large
"Iberia Gift Imports, Corp.",(95) 555 82 82,"C/ Romero, 33",,Sevilla,,41101,Spain,EMEA,Roel,Jose Pedro,Small
Technics Stores Inc.,6505556809,9408 Furth Circle,,Burlingame,CA,94217,USA,,Hirano,Juri,Small
"Dragon Souveniers, Ltd.",+65 221 7555,"Bronz Sok., Bronz Apt. 3/6 Tesvikiye",,Singapore,,79903,Singapore,Japan,Natividad,Eric,Small
"Stylish Desk Decors, Co.",(171) 555-0297,35 King George,,London,,WX3 6FW,UK,EMEA,Brown,Ann,Small
Diecast Collectables,6175552555,6251 Ingle Ln.,,Boston,MA,51003,USA,,Franco,Valarie,Small
Marta's Replicas Co.,6175558555,39323 Spinnaker Dr.,,Cambridge,MA,51247,USA,,Hernandez,Marta,Small
The Sharp Gifts Warehouse,4085553659,3086 Ingle Ln.,,San Jose,CA,94217,USA,,Frick,Sue,Small
Gift Depot Inc.,2035552570,25593 South Bay Ln.,,Bridgewater,CT,97562,USA,,King,Julie,Small
"Norway Gifts By Mail, Co.",+47 2212 1555,"Drammensveien 126 A, PB 744 Sentrum",,Oslo,,N 0106,Norway,EMEA,Klaeboe,Jan,Small
"Clover Collections, Co.",+353 1862 1555,25 Maiden Lane,Floor No. 4,Dublin,,2,Ireland,EMEA,Cassidy,Dean,Small
Mini Classics,9145554562,3758 North Pendale Street,,White Plains,NY,24067,USA,,Frick,Steve,Small
Gift Ideas Corp.,2035554407,2440 Pompton St.,,Glendale,CT,97561,USA,,Lewis,Dan,Medium
"Australian Gift Network, Co",61-7-3844-6555,31 Duncan St. West End,,South Brisbane,Queensland,4101,Australia,APAC,Calaghan,Tony,Small
Osaka Souveniers Co.,+81 06 6342 5555,"Dojima Avanza 4F, 1-6-20 Dojima, Kita-ku",,Osaka,Osaka,530-0003,Japan,Japan,Kentary,Mory,Small
Tekni Collectables Inc.,2015559350,7476 Moss Rd.,,Newark,NJ,94019,USA,,Brown,William,Small
Atelier graphique,40.32.2555,"54, rue Royale",,Nantes,,44000,France,EMEA,Schmitt,Carine,Small
Souveniers And Things Co.,+61 2 9495 8555,"Monitor Money Building, 815 Pacific Hwy",Level 6,Chatswood,NSW,2067,Australia,APAC,Huxley,Adrian,Large
Cambridge Collectables Co.,6175555555,4658 Baden Av.,,Cambridge,MA,51247,USA,,Tseng,Kyung,Small
Petit Auto,(02) 5554 67,Rue Joseph-Bens 532,,Bruxelles,,B-1180,Belgium,EMEA,Dewey,Catherine,Small
Auto-Moto Classics Inc.,6175558428,16780 Pompton St.,,Brickhaven,MA,58339,USA,,Taylor,Leslie,Medium
"Double Decker Gift Stores, Ltd",(171) 555-7555,120 Hanover Sq.,,London,,WA1 1DP,UK,EMEA,Hardy,Thomas,Small
"Men 'R' US Retailers, Ltd.",2155554369,6047 Douglas Av.,,Los Angeles,CA,,USA,,Chandler,Michael,Small
"Bavarian Collectables Imports, Co.",+49 89 61 08 9555,Hansastr. 15,,Munich,,80686,Germany,EMEA,Donnermeyer,Michael,Small
giftsbymail.co.uk,(198) 555-8888,Garden House Crowther Way,,Cowes,Isle of Wight,PO31 7PJ,UK,EMEA,Bennett,Helen,Small
Royale Belge,(071) 23 67 2555,"Boulevard Tirou, 255",,Charleroi,,B-6000,Belgium,EMEA,Cartrain,Pascale,Small
Heintze Collectables,86 21 3555,Smagsloget 45,,Aaarhus,,8200,Denmark,EMEA,Ibsen,Palle,Small
Motor Mint Distributors Inc.,2155559857,11328 Douglas Av.,,Philadelphia,PA,71270,USA,,Hernandez,Rosa,Large
Alpha Cognac,61.77.6555,1 rue Alsace-Lorraine,,Toulouse,,31000,France,EMEA,Roulet,Annette,Large
Mini Classics,9145554562,3758 North Pendale Street,,White Plains,NY,24067,USA,,Frick,Steve,Large
Marta's Replicas Co.,6175558555,39323 Spinnaker Dr.,,Cambridge,MA,51247,USA,,Hernandez,Marta,Large
"Toms Spezialitten, Ltd",0221-5554327,Mehrheimerstr. 369,,Koln,,50739,Germany,EMEA,Pfalzheim,Henriette,Large
"Toys of Finland, Co.",90-224 8555,Keskuskatu 45,,Helsinki,,21240,Finland,EMEA,Karttunen,Matti,Large
Cruz & Sons Co.,+63 2 555 3587,15 McCallum Street - NatWest Center #13-03,,Makati City,,1227 MM,Philippines,Japan,Cruz,Arnold,Small
Online Mini Collectables,6175557555,7635 Spinnaker Dr.,,Brickhaven,MA,58339,USA,,Barajas,Miguel,Small
Auto-Moto Classics Inc.,6175558428,16780 Pompton St.,,Brickhaven,MA,58339,USA,,Taylor,Leslie,Small
"Australian Collectables, Ltd",61-9-3844-6555,7 Allen Street,,Glen Waverly,Victoria,3150,Australia,APAC,Connery,Sean,Large
Collectable Mini Designs Co.,7605558146,361 Furth Circle,,San Diego,CA,91217,USA,,Thompson,Valarie,Large
Microscale Inc.,2125551957,5290 North Pendale Street,Suite 200,NYC,NY,10022,USA,,Kuo,Kee,Small
Enaco Distributors,(93) 203 4555,"Rambla de Catalu¤a, 23",,Barcelona,,8022,Spain,EMEA,Saavedra,Eduardo,Small
"Royal Canadian Collectables, Ltd.",(604) 555-4555,23 Tsawassen Blvd.,,Tsawassen,BC,T2F 8M4,Canada,,Lincoln,Elizabeth,Medium
Land of Toys Inc.,2125557818,897 Long Airport Avenue,,NYC,NY,10022,USA,,Yu,Kwai,Large
"AV Stores, Co.",(171) 555-1555,Fauntleroy Circus,,Manchester,,EC2 5NT,UK,EMEA,Ashworth,Victoria,Large
CAF Imports,+34 913 728 555,"Merchants House, 27-30 Merchant's Quay",,Madrid,,28023,Spain,EMEA,Fernandez,Jesus,Small
Quebec Home Shopping Network,(514) 555-8054,43 rue St. Laurent,,Montreal,Quebec,H1J 1C3,Canada,,Fresnisre,Jean,Small
Super Scale Inc.,2035559545,567 North Pendale Street,,New Haven,CT,97823,USA,,Murphy,Leslie,Small
Microscale Inc.,2125551957,5290 North Pendale Street,Suite 200,NYC,NY,10022,USA,,Kuo,Kee,Large
Collectable Mini Designs Co.,7605558146,361 Furth Circle,,San Diego,CA,91217,USA,,Thompson,Valarie,Small
Alpha Cognac,61.77.6555,1 rue Alsace-Lorraine,,Toulouse,,31000,France,EMEA,Roulet,Annette,Small
Boards & Toys Co.,3105552373,4097 Douglas Av.,,Glendale,CA,92561,USA,,Young,Leslie,Small
La Rochelle Gifts,40.67.8555,"67, rue des Cinquante Otages",,Nantes,,44000,France,EMEA,Labrune,Janine,Large
Baane Mini Imports,07-98 9555,Erling Skakkes gate 78,,Stavern,,4110,Norway,EMEA,Bergulfsen,Jonas,Large
FunGiftIdeas.com,5085552555,1785 First Street,,New Bedford,MA,50553,USA,,Benitez,Violeta,Large
